"Sample","Drug","Dubious","DSS","TargetSet"
"AML2R","Tipifarnib","False",4.7,"FARNESYLTRANSFERASE,FNTB,FNTA,FNTA, FNTB"
"AML2R","Atorvastatin","False",0.9,"HMG-COA REDUCTASE,ABCG8,MYLIP,CYP7A1,HMGCR,SLCO1B1"
"AML2R","Dacomitinib","False",0,"EGFR,HER2,HER3,EGFR,EGFR,ERBB2,ERBB4"
"AML2R","Duvelisib","False",0,"PI3K,PIK3CD,PIK3CD,PIK3CD, PIK3R1,PIK3CG"
"AML2R","URB597","False",0,"FAAH,MGLL,FAAH"
"AML2R","AZD1775","False",9.4,"WEE1,ABL1,CDK5,LCK,LRRK2,NEK2,PRKCQ,SYK,TNK2"
"AML2R","PF-00477736","False",9.8,"CHK1,CHEK1,CHEK2"
"AML2R","Saracatinib","False",0,"SRC,ABL,DDR2,ABL1,CSK,KIT,LCK,SRC,YES1"
"AML2R","Fulvestrant","False",0,"ER,ESRRA,EPHX2,ESR1,ESR1, ESR2,ESR2,ESRRA,NR1H4"
"AML2R","Crizotinib","False",0.5,"ALK,CMET,ROS1,ALK,PTPN12,EML4,ABL1,ABL2,ACVR1,ACVR1B,ALK,ANKK1,AURKA,AURKB,AXL,BLK,BMP2K,BMPR1B,CASK,CDK11A,CDK11B,CDK7,CSF1R,DCLK1,DCLK2,DDR1,DSTYK,EPHA1,EPHA2,EPHA3,EPHA4,EPHA6,EPHA7,EPHA8,EPHB1,EPHB4,EPHB6,FER,FES,FGR,FLT3,IGF1R,IKBKE,INSR,INSRR,IRAK1,IRAK3,JAK2,JAK3,LCK,LIMK1,LIMK2,LTK,LYN,MAP3K12,MAP3K13,MAP3K19,MAP3K2,MAP3K3,MAP4K1,MAP4K2,MAP4K3,MAP4K5,MAPK7,MERTK,MET,MST1R,MUSK,NEK9,NTRK1,NTRK2,NTRK3,NUAK2,PLK4,PRKD1,PRKD3,PTK2,PTK2B,RIPK2,ROS1,RPS6KB1,SBK3,SIK2,SLK,SRC,STK10,STK3,STK35,STK4,TAOK2,TAOK3,TBK1,TEK,TESK1,TIE1,TNK1,TNK2,TNNI3K,TXK,TYRO3,YES1"
"AML2R","4-hydroxytamoxifen","False",3.8,"ER,ESR1,ESR1, ESR2,ESR2,ESRRG"
"AML2R","Apalutamide","False",0,"AR,AR"
"AML2R","Dabrafenib","False",0,"B-RAF(V600E),BRAF,ATXN1L,ARAF,BRAF,RAF1"
"AML2R","IOX-2","False",0,"PHD2"
"AML2R","Lucitanib","False",3.8,"FGFR1,VEGFR,FGFR1,FGFR2,FLT1,FLT4,KDR"
"AML2R","Talmapimod","False",0,"P38MAPK ALPHA,MAPK14,MAPK11,MAPK14"
"AML2R","GSK2879552","False",0,"LSD1"
"AML2R","CPI-0610","False",9.8,"BET,BRD2,BRD3,BRDT"
"AML2R","Miltefosine","False",8,"ANTIMICROBIAL,PI3K,AKT"
"AML2R","Varespladib","False",2.1,"PLA2,PLA2G2A,PLA2G10,PLA2G5,PLA2G10,PLA2G1B,PLA2G2A,PLA2G2D,PLA2G2E,PLA2G2F,PLA2G5"
"AML2R","Golvatinib","False",0,"MET,VEGFR2,KDR,MET"
"AML2R","Tideglusib","False",0,"GSK3,GSK3B,GSK3B"
"AML2R","Triciribine","False",12.5,"AKT"
"AML2R","Romidepsin","False",27.4,"HDAC,CDKN2D,CTAG1B,HDAC1,HDAC1, HDAC10, HDAC11, HDAC2, HDAC3, HDAC4, HDAC5, HDAC6, HDAC7, HDAC8, HDAC9,HDAC10,HDAC2,HDAC3,HDAC3, NCOR2,HDAC4,HDAC6"
"AML2R","Senexin B","False",0,"CDK8,CDK19"
"AML2R","Flutamide","False",0,"AR,PEBP1"
"AML2R","Dinaciclib","False",24.9,"CDK,CCNE1,CCNA2, CDK2,CCNB1, CDK1,CCND1, CDK4,CCNE1, CDK2,CCNT1, CDK9,CDK1,CDK2,CDK4,CDK5,CDK5, CDK5R1,CDK9,HSF1"
"AML2R","Neflamapimod","False",0,"P38MAPK,MAP2K6,MAPK11,MAPK14"
"AML2R","Orteronel","False",0,"AR,CYP17A1,CYP17A1,CYP17A1"
"AML2R","GSK-2334470","False",0,"PDK1"
"AML2R","Filanesib","False",12.6,"KSP,EG5,KIF11,KIF11"
"AML2R","A-366","False",1.2,"G9A,GLP"
"AML2R","Peficitinb","False",9.6,"JAK3"
"AML2R","Letrozole","False",0,"AROMATASE,CYP2A6,KMT2C,CYP19A1"
"AML2R","Megestrol acetate","False",0.2,"PROGESTOGEN,NR3C1"
"AML2R","ZSTK474","False",7.8,"PI3KGAMMA,MTOR,PIK3C2B,PIK3CA,PIK3CB,PIK3CD,PIK3CG"
"AML2R","Bafetinib","False",0,"ABL,LYN,ABL1,LYN"
"AML2R","Brigatinib","False",3.7,"ALK,MUT-ALK,ALK,ALK,FLT3,IGF1R,INSR,ROS1"
"AML2R","THZ2","False",29,"CDK7,CDK2,CDK9"
"AML2R","CC122","False",0,"IMMUNOMODULATORY,CRBN"
"AML2R","EPZ031686","False",0,"SMYD3,SMYD3"
"AML2R","BMS-754807","False",7.2,"IGF1R,IGF1R"
"AML2R","Olaparib","False",4.8,"PARP,PALB2,CBLC,BRCA2,PARP1,PARP2,PARP3"
"AML2R","Rabusertib","False",0.1,"CHK1,CHEK1"
"AML2R","Ipatasertib","False",2,"AKT,AKT1,AKT2,AKT3,PRKG1"
"AML2R","Palomid-529","False",1.8,"AKT,MTOR,PI3K"
"AML2R","Onalespib","False",18.2,"HSP90,HSP90AB1"
"AML2R","Nintedanib","False",7.5,"VEGFR,PDGFR,FGFR,AAK1,ABL1,ACVR1,ALK,AURKB,AURKC,AXL,BLK,BMP2K,BMPR2,BTK,CAMK1G,CAMKK1,CAMKK2,CDK14,CDK16,CDK17,CDK18,CDK4,CDK7,CHEK1,CLK1,CLK2,CLK4,CSF1R,CSNK1E,CSNK2A2,DCLK1,DCLK3,DDR1,DDR2,EPHA6,EPHB1,EPHB6,FER,FGFR1,FGFR2,FGFR3,FGR,FLT1,FLT3,FLT4,FYN,GRK4,GSK3A,GSK3B,HIPK2,HIPK3,IGF1R,IKBKE,INSR,INSRR,IRAK1,IRAK4,ITK,JAK2,JAK3,KDR,KIT,LATS1,LATS2,LCK,LRRK2,LTK,LYN,MAP2K1,MAP2K2,MAP2K5,MAP3K11,MAP3K12,MAP3K13,MAP3K19,MAP3K2,MAP3K3,MAP3K7,MAP3K9,MAP4K1,MAP4K2,MAP4K3,MAP4K4,MAP4K5,MAPK10,MAPK8,MARK3,MELK,MERTK,MET,MINK1,MUSK,MYLK,MYLK3,MYLK4,NTRK1,NTRK2,NTRK3,NUAK1,NUAK2,PAK3,PDGFRA,PDGFRB,PHKG1,PHKG2,PIP4K2B,PIP5K1A,PKN1,PLK4,PRKAA1,PRKAA2,PRKD1,PRKD2,PRKD3,PRKG1,PRPF4B,PTK2,PTK2B,RET,RIOK1,RIOK3,RIPK1,RIPK4,RPS6KA3,RPS6KB1,SBK1,SIK1,SIK2,SLK,SRC,SRPK1,SRPK2,SRPK3,STK10,STK11,STK16,STK17A,STK17B,STK24,STK26,STK3,STK35,STK39,STK4,TBK1,TNIK,TNK1,TTK,TXK,TYK2,ULK1,ULK2,ULK3,YES1"
"AML2R","Volasertib","False",7.9,"PLK1,CDH1,PLK1"
"AML2R","Crenolanib","False",10.7,"PDGFRA,PDGFRB,PDGFRA,FLT3"
"AML2R","C646","False",0,"P300,CBP"
"AML2R","Fedratinib","False",12.5,"JAK2,JAK2,AAK1,ABL1,ABL2,ACVR1,ADCK4,ALK,AURKB,AURKC,AXL,BLK,BMP2K,BMPR1B,BTK,CAMK1D,CAMK2A,CAMK2D,CAMK2G,CDK17,CDK7,CHUK,CIT,CSF1R,CSNK2A1,CSNK2A2,DAPK1,DAPK2,DAPK3,DCLK1,DCLK2,DCLK3,DDR2,EIF2AK4,EPHA1,EPHB6,FES,FGFR1,FGFR2,FGFR3,FGR,FLT3,FRK,FYN,GAK,GRK4,HIPK1,HIPK4,IKBKB,IKBKE,INSR,IRAK1,IRAK3,ITK,JAK2,JAK3,KIT,LCK,LIMK1,LRRK2,LYN,MAP2K5,MAP3K13,MAP3K19,MAP3K2,MAPK10,MAPK15,MAPK7,MAPK8,MAPK9,MARK1,MARK3,MARK4,MERTK,MKNK2,MUSK,MYLK,MYLK4,NEK3,NEK5,NEK6,NEK7,NEK9,NTRK1,NUAK1,NUAK2,PDGFRB,PHKG1,PIP4K2B,PIP5K1A,PLK1,PLK4,PRPF4B,PTK2,PTK2B,RET,RIOK1,RIOK3,ROS1,RPS6KA1,SBK1,SIK1,SIK2,SLK,SNRK,SRC,SRPK1,SRPK2,SRPK3,STK11,STK16,STK17A,STK17B,STK33,STK36,TAOK2,TBK1,TIE1,TNK1,TNK2,TTK,TYK2,ULK1,ULK2,ULK3,WEE1,YES1,ZAK"
"AML2R","VE-821","False",0,"ATR"
"AML2R","TG100-115","False",1.3,"PI3KGAMMA,PI3KDELTA,AAK1,ADCK3,BMP2K,BRSK1,CLK1,CLK2,CLK4,CSNK1A1,DYRK1A,DYRK1B,ERBB2,MKNK1,MKNK2,MTOR,PI4KB,PIK3C2B,PIK3C2G,PIK3CA,PIK3CB,PIK3CD,PIK3CG,PIP4K2C,PIP5K1C,PRKD3,RIPK2,RIPK4,STK16,TAOK1,TRPM6"
"AML2R","NVP-BHG712","False",8.9,"EPHB4"
"AML2R","Tandutinib","False",0,"FLT3,PDGFR,KIT,CSF1R,EGFR,FLT3,IRAK3,KIT,NTRK1,NTRK2,PDGFRA,PDGFRB"
"AML2R","CPI-613","False",3,"PDH,ALPHAKGDH"
"AML2R","UNC1215","False",0,"L3MBTL3"
"AML2R","Pinometostat","False",0,"DOT1L"
"AML2R","CEP-37440","False",6.9,"ALK,PTK2,ALK,PTK2"
"AML2R","Pexidartinib","False",1.7,"KIT,CSF1R,FLT3,CSF1,FLT1,NTRK3"
"AML2R","Galunisertib","False",0,"TGFB,SMAD,TGFBR1,ACVR1B,KDR,MAPK14,RIPK2,TGFBR1"
"AML2R","KU-60019","False",3.3,"ATM,ATM"
"AML2R","TH588","False",0,"MTH1"
"AML2R","Sabutoclax","False",9.5,"PAN-BCL2,BCL2,BCL2A1,BCL2L1,MCL1"
"AML2R","AMG-232","False",7.5,"MDM2,MDM2"
"AML2R","Saridegib","False",0.4,"HH,SMO,SMO"
"AML2R","Sorafenib","False",0,"BRAF,FGFR1,VEGFR2,VEGFR3,PDGFRBETA,KIT,FLT3,ABL1,AURKB,BRAF,CDK19,CDK7,CDK8,CDKL2,CDKL3,CSF1R,DDR1,DDR2,EPHA6,EPHB6,FLT1,FLT3,FLT4,FRK,HIPK3,HIPK4,KDR,KIT,MAP2K5,MAP3K19,MAP3K7,MAPK11,MAPK14,MAPK15,MKNK1,MKNK2,MUSK,NLK,NTRK3,PDGFRA,PDGFRB,RAF1,RET,STK10,TAOK2,TIE1,TNNI3K,ZAK"
"AML2R","AT-406","False",1.1,"XIAP,CIAP1,CIAP2,XIAP,BIRC2,BIRC3,BIRC7,BIRC2,BIRC3,XIAP"
"AML2R","Ganetespib","False",20.6,"HSP90,UGT1A,HSP90AA1,HSP90AB1,TRAP1"
"AML2R","AT13148","False",0,"P70S6K,PKA,ROCK,AKT,AKT1, AKT2, AKT3,CHEK2,SGK3"
"AML2R","Verdinexor","False",10.8,"XPO1,CRM1,HDAC1,HDAC6"
"AML2R","TEW-7197","False",0,"TGF,ALK4,ALK5,TGFBR1"
"AML2R","Tamatinib","False",6.8,"SYK,AAK1,ABL1,ABL2,ADCK4,ALK,ANKK1,AURKA,AURKB,AURKC,AXL,BLK,BMPR1B,BMX,BRAF,BTK,CAMK1,CAMK1D,CAMK1G,CAMK2G,CDK17,CHUK,CIT,CLK4,CSF1R,CSK,CSNK2A1,CSNK2A2,DAPK1,DAPK2,DAPK3,DCLK3,DDR1,DDR2,DYRK1A,DYRK2,EGFR,EIF2AK2,EIF2AK4,EPHA1,EPHA2,EPHA3,EPHA4,EPHA5,EPHA6,EPHA7,EPHB1,EPHB2,EPHB4,EPHB6,ERBB4,FER,FES,FGFR1,FGFR2,FGFR3,FGFR4,FGR,FLT1,FLT3,FLT4,FRK,FYN,GAK,GRK1,GRK4,GSK3B,HCK,HIPK1,IKBKB,IKBKE,IRAK1,IRAK3,IRAK4,ITK,JAK2,JAK3,KDR,KIT,LCK,LIMK1,LRRK2,LTK,LYN,MAP2K1,MAP2K2,MAP2K3,MAP2K4,MAP2K5,MAP2K6,MAP3K10,MAP3K11,MAP3K19,MAP3K2,MAP3K3,MAP3K4,MAP3K7,MAP3K9,MAP4K2,MAPK10,MAPK12,MAPK13,MAPK15,MAPK8,MAPK9,MARK1,MARK2,MARK4,MERTK,MET,MKNK1,MKNK2,MST1R,MUSK,MYLK4,NEK1,NEK11,NEK2,NEK3,NEK5,NEK6,NEK7,NEK9,NIM1K,NTRK1,NTRK2,NTRK3,NUAK1,NUAK2,PAK1,PAK2,PAK3,PAK4,PAK6,PAK7,PDGFRA,PDGFRB,PDPK1,PHKG2,PI4KB,PIP4K2C,PIP5K1C,PKN1,PLK1,PLK2,PLK3,PLK4,PRKAA1,PRKAA2,PRKACA,PRKACB,PTK2,PTK2B,PTK6,RAF1,RET,RIOK1,RIOK3,RIPK2,RIPK4,ROCK1,ROCK2,ROS1,SBK1,SBK3,SIK1,SIK2,SLK,SRC,SRMS,SRPK1,SRPK3,STK10,STK16,STK17A,STK17B,STK33,STK36,SYK,TAOK1,TAOK2,TBK1,TEK,TESK1,TGFBR2,TIE1,TLK1,TLK2,TNK1,TNK2,TNNI3K,TXK,ULK1,ULK2,ULK3,WEE1,YES1,ZAP70"
"AML2R","Tanzisertib","False",0,"JNK,EGFR,MAPK10,MAPK3,MAPK8,MAPK9"
"AML2R","Glesatinib","False",0,"MET,AXL,TIE,VEGFR,RON,AXL,DDR2,FLT1, FLT4, KDR,FLT4,MET,MST1R,PDGFRA"
"AML2R","Sitravatinib","False",0.1,"RET,TRK,PDGFR,VEGFR,KIT,DDR,AXL,BTK,DDR1,DDR2,EPHA2,EPHA3,EPHA4,EPHB2,EPHB3,EPHB4,FLT1,FLT3,FLT4,FYN,KDR,KIT,MET,NTRK1,NTRK2,PDGFRA,RET,SRC"
"AML2R","ONX-0914","False",21,"LMP7"
"AML2R","KD025","False",5.4,"ROCK2,CSNK2A1,ROCK1,ROCK2"
"AML2R","Bimatoprost","False",0,"PROSTAGLANDIN,PTGFR,PTGER3,PTGER1"
"AML2R","APR-246","False",0,"P53,TR1"
"AML2R","Selumetinib","False",2.4,"MEK1,MEK2,GNA11,MAP2K1,MAP2K2"
"AML2R","Binimetinib","False",0,"MEK1,MEK2"
"AML2R","Clomifene","False",4.4,"ER,PTH,ADRA2A,ESR1,KCNH2,PTGS1,SIGMAR1,SLC6A2,SLC6A3,SLC6A4"
"AML2R","Vistusertib","False",12,"MTOR,ATP,RICTOR,FKBP1A, MTOR,MTOR"
"AML2R","Talazoparib","False",2.5,"PARP1,PARP2,SLFN11,PSMD4,PARP1"
"AML2R","Tirabrutinib","False",0,"BTK,BTK"
"AML2R","Ruxolitinib","False",16.5,"JAK1,JAK2,JAK2,JAK1,PLAUR,CRLF2,CSF3R,AAK1,ANKK1,BMP2K,BMPR2,CAMK1,CAMK1D,CAMK2A,CAMK2B,CAMK2D,CAMK2G,CLK2,DAPK1,DAPK2,DAPK3,DCLK1,DCLK2,DCLK3,DYRK1A,GAK,GRK1,GRK7,IRAK1,JAK2,JAK3,LRRK2,LTK,MAP2K3,MAP3K19,MAP3K2,MAP3K3,MAP3K7,MARK2,MAST1,MKNK2,MYLK,NTRK2,NTRK3,NUAK2,PLK1,PLK3,PLK4,PRKCE,PRKG2,RET,ROCK1,ROCK2,RPS6KA6,STK16,TAOK2,TAOK3,TTK,TYK2,ULK1,ULK2"
"AML2R","Bortezomib","False",24.4,"PROTEASOME,ADRM1, PSMA1, PSMA2, PSMA3, PSMA4, PSMA5, PSMA6, PSMA7, PSMA8, PSMB1, PSMB10, PSMB11, PSMB2, PSMB3, PSMB4, PSMB5, PSMB6, PSMB7, PSMB8, PSMB9, PSMC1, PSMC2, PSMC3, PSMC4, PSMC5, PSMC6, PSMD1, PSMD11, PSMD12, PSMD13, PSMD14, PSMD2, PSMD3, PSMD4, PSMD6, PSMD7, PSMD8, SHFM1,NFKB1, NFKB2, RELA,PSMB1,PSMB5,PSMB8"
"AML2R","MK-0752","False",0.8,"GAMMA-SECRETASE/NOTCH,APH1A,APH1B,APH1A, APH1B, NCSTN, PSEN1, PSEN2, PSENEN"
"AML2R","Brivanib","False",0.8,"VEGFR,FGFRL1,FGFR3P1,CEP43,FGFR1OP2,DDR1,EPHA6,FGFR1,FGFR2,FGFR3,FGFR4,FLT1,FLT4,KDR,KIT,MAP3K19,MAP4K4,MINK1,PDGFRA,PDGFRB,RET,SLK,STK10,STK35,TEK,TNIK"
"AML2R","Tubastatin A","False",0,"HDAC6,HDAC6,HDAC8"
"AML2R","GSK343","False",0,"EZH2"
"AML2R","Bosutinib","False",8,"ABL,SRC,ABL1,ABL1,ABL2,ALK,AXL,BLK,BMP2K,BMPR2,BMX,BTK,CAMK1D,CAMKK2,CASK,CHEK2,CLK1,CLK3,CSF1R,CSK,CSNK1A1,CSNK1D,CSNK1E,DDR1,DDR2,DMPK,DSTYK,EGFR,EIF2AK1,EIF2AK4,EPHA2,EPHA3,EPHA4,EPHA5,EPHA8,EPHB1,EPHB2,EPHB3,EPHB4,ERBB3,ERBB4,FER,FES,FGR,FRK,FYN,GAK,HCK,HIPK1,HIPK4,IKBKE,IRAK1,IRAK4,KIT,LCK,LRRK2,LYN,MAP2K1,MAP2K2,MAP2K5,MAP3K12,MAP3K13,MAP3K19,MAP3K2,MAP3K3,MAP3K4,MAP3K7,MAP4K1,MAP4K2,MAP4K3,MAP4K4,MAP4K5,MAST1,MERTK,MINK1,MYLK,NEK11,NUAK2,PDGFRB,PHKG1,PKMYT1,PLK2,PRKCQ,PTK2,PTK2B,ROCK1,ROCK2,RPS6KB1,SIK1,SIK2,SIK3,SLK,SRC,SRMS,STK10,STK24,STK25,STK26,STK3,STK33,STK35,STK36,STK4,SYK,TAOK3,TBK1,TLK1,TNIK,TNK2,TNNI3K,TXK,TYRO3,ULK2,ULK3,VRK2,WEE1,WEE2,YES1,ZAK"
"AML2R","AZD-5438","False",13.7,"CDK1,CDK2,CDK9,CCNA2,CCNB1,CCND3,CCNE1,CCNT1,CDK1,CDK2,CDK4"
"AML2R","Ribociclib","False",9.5,"CDK4,CDK6,CDK4,CDK6"
"AML2R","AMG-337","False",0.7,"MET"
"AML2R","Eltanexor","False",15.7,"EXPORTIN1,XPO1"
"AML2R","Sotrastaurin","False",6.3,"PKC,AKT1,CAMK2D,CAMK2G,CDK2,ERBB2,FER,FLT4,GRK5,GSK3A,GSK3B,JAK3,KDR,MAP4K4,MAP4K5,MINK1,MST1R,PIM1,PIM2,PIM3,PKN2,PLK1,PRKAA1,PRKCG,PRKCI,PRKCQ,PRKCZ,PRKG1,RPS6KA3,RPS6KB1,SGK1,SGK2,SLK,STK24,STK3"
"AML2R","Dasatinib","False",0.1,"ABL,SRC,KIT,EPHR,ABL1,ABL2,ACVR1,ACVR1B,ACVR2A,ACVR2B,ACVRL1,ADCK3,BLK,BMPR1B,BMX,BRAF,BTK,CSF1R,CSK,DDR1,DDR2,EGFR,EPHA1,EPHA2,EPHA3,EPHA4,EPHA5,EPHA8,EPHB1,EPHB2,EPHB3,EPHB4,EPHB6,ERBB3,ERBB4,FGR,FRK,FYN,GAK,HCK,KIT,LCK,LIMK1,LIMK2,LYN,MAP2K5,MAP3K19,MAP3K2,MAP3K3,MAP3K4,MAP4K1,MAP4K3,MAP4K5,MAPK11,MAPK14,MINK1,NEK11,NLK,PDGFRA,PDGFRB,PKMYT1,PTK6,RAF1,RIPK2,SIK1,SIK2,SIK3,SLK,SRC,SRMS,STK35,STK36,TEC,TESK1,TGFBR1,TNK2,TNNI3K,TXK,WEE2,YES1,ZAK"
"AML2R","MK-2206","False",7.2,"AKT,UBE2T,AKT1,AKT2,AKT3"
"AML2R","Sonolisib","False",0.1,"PAN-PI3K,PIK3CA"
"AML2R","Lomeguatrib","False",0,"MGMT,MGMT"
"AML2R","AZD-5363","False",1.9,"AKT,AKT1,AKT2,AKT3,CCR5,ROCK1,ROCK2"
"AML2R","Alectinib","False",0,"MUT-ALK,ALK,EML4,NPM1,ALK,RET"
"AML2R","CUDC-907","False",36.1,"HDAC1,HDAC2,HDAC3,HDAC10,PI3KALPHA"
"AML2R","AZD7762","False",4,"CHK1,CHEK1,CHEK2"
"AML2R","Lasofoxifene","False",0.9,"ER,ESR1,ESR1, ESR2,ESR2"
"AML2R","BMS863233","False",3.6,"CDC7,CDC7"
"AML2R","PCI-34051","False",0.9,"HDAC8"
"AML2R","Pazopanib","False",0,"VEGFR,ABL1,AURKC,BRAF,CSF1R,DDR1,DDR2,EPHB6,FGFR1,FGFR2,FGFR3,FLT1,FLT4,FRK,GAK,IRAK3,KDR,KIT,LIMK1,LIMK2,LYN,MAP2K4,MAP2K5,MAP3K11,MAP3K19,MAP3K2,MAP3K9,MAP4K1,NEK2,PDGFRA,PDGFRB,PI4KB,PIP4K2C,PLK4,RAF1,RIOK2,RIPK1,RIPK2,ROS1,STK10,STK16,STK36,TAOK1,TAOK3,TIE1,TNIK,TTK"
"AML2R","Azacitidine","False",3.1,"PYRIMIDINE,DNMT,TRIT1,TAGLN"
"AML2R","Motesanib","False",0,"VEGFR,PDGFR,RET,KIT,BRAF,CIT,CSF1R,DDR1,EPHA6,FLT1,FLT4,FRK,KDR,KIT,LCK,LYN,MAP3K19,PDGFRA,PDGFRB,RAF1,RET,TNNI3K,ZAK"
"AML2R","Decitabine","False",2.7,"DNMT,DNMT1,DNMT3A,TET2,ASXL1,MUC2"
"AML2R","Seliciclib","False",3,"CDK2,CDK7,CDK9,CCNA2,CCNB1,CLK2,CSNK1D,CSNK1E"
"AML2R","Cediranib","False",2.3,"KDR,FLT,VEGFR,ABL1,ABL2,AXL,BLK,CSF1R,DDR1,DDR2,EGFR,EPHA6,EPHA7,EPHB6,ERBB3,ERN1,FGFR1,FGFR2,FGFR3,FGFR4,FLT1,FLT4,FRK,HCK,KDR,KIT,LCK,LYN,MAP3K19,MAP4K1,MAP4K2,MAP4K5,MET,MINK1,PDGFRA,PDGFRB,PTK6,RIPK2,SLK,SRC,STK10,STK33,STK35,TEK,TIE1,TNIK,TYRO3,YES1"
"AML2R","Ibrutinib","False",0,"BTK,BTK,PLCG2,MYD88,BLK,BMX,BTK,EGFR,ERBB4,FGFR2,FGR,FYN,HCK,ITK,LYN,PTK6,RET,YES1"
"AML2R","SGC0946","False",2.2,"DOT1L"
"AML2R","AVN944","False",14.1,"IMPDH,IMPDH2,IMPDH1"
"AML2R","CUDC-305","False",16.6,"HSP90,HSP90AA1,HSP90AB1"
"AML2R","OSU-03012","False",2.8,"PDPK1,PDK1"
"AML2R","OTS167","False",22,"MELK"
"AML2R","GNE-0877","False",0,"LRRK2"
"AML2R","LY-2584702","False",3.4,"P70S6K,RPS6KB1"
"AML2R","Imiquimod","False",0.3,"IMMUNOMODULATORY,TLR7,TLR7,IFNA1"
"AML2R","Bryostatin 1","False",15.1,"PKC"
"AML2R","Dovitinib","False",0,"FGFR,AAK1,ABL1,ANKK1,AURKB,BLK,BMP2K,CDK16,CDKL2,CSF1R,CSNK2A2,EIF2AK4,EPHB6,FGFR1,FGFR2,FGFR3,FGR,FLT1,FLT3,FLT4,FYN,GAK,GRK4,GSK3B,HIPK2,HUNK,IKBKE,IRAK1,IRAK4,ITK,KDR,KIT,LATS2,LCK,LYN,MAP2K1,MAP2K2,MAP2K5,MAP3K13,MAP3K19,MAP3K2,MAP3K7,MAP4K1,MAP4K3,MAP4K4,MAP4K5,MAST1,MINK1,MUSK,MYLK2,MYLK3,MYLK4,NIM1K,NTRK1,NTRK2,NTRK3,NUAK1,NUAK2,PDGFRA,PDGFRB,PHKG1,PIP4K2B,PKN1,PLK2,PRKAA1,PRKAA2,PRPF4B,RET,RIOK1,RIOK2,RIOK3,RIPK1,ROCK1,RPS6KB1,SGK3,SLK,SRPK1,SRPK2,SRPK3,STK10,STK17A,STK24,STK26,STK3,STK38,STK39,STK4,TBK1,TNIK,ULK1,ULK2,ULK3,YES1"
"AML2R","IOX-1","False",1.9,"2OG,KDM3A,KDM4C,KDM4E,KDM6B"
"AML2R","NVP-AEW541","False",3,"IGF1R,IGF1R"
"AML2R","Pacritinib","False",19.9,"FLT3,JAK2,JAK2"
"AML2R","Idasanutlin","False",8.9,"P53,MDM2,MDM2,MDM2"
"AML2R","Telatinib","False",0,"VEGFR,KIT,PDGFR,FLT4,KDR"
"AML2R","SH-4-54","False",12.1,"STAT3"
"AML2R","Linsitinib","False",1.8,"IGF1R,IR,ABL1,AURKB,BLK,ERBB4,FLT1,FLT4,FYN,IGF1R,INSR,LCK,LYN,MAP4K2,MAP4K5,RET,ROCK1"
"AML2R","Celecoxib","False",0,"COX2,ADRA2B,CA12,CA13,CA14,CA4,CA5A,CA5B,CA6,PTGS2"
"AML2R","Erlotinib","False",2.8,"EGFR,ERRFI1,ABL1,ABL2,BLK,CIT,DDR1,EGFR,EPHA6,ERBB4,FLT3,GAK,HIPK4,JAK3,LCK,LTK,MAP2K5,MAP3K19,MKNK1,RIPK2,SLK,STK10,TIE1,TNK1,TNNI3K,ULK3"
"AML2R","Perifosine","False",3.1,"AKT,PI3K"
"AML2R","1-methyl-D-tryptophan","False",0.7,"IDO1,IDO2"
"AML2R","Motolimod","False",8.1,"TLR8,TLR8"
"AML2R","Resiquimod","False",5.5,"TLR7,TLR8,TLR7,TLR8"
"AML2R","Alisertib","False",0,"AURA,ABL1,AURKA,AURKB,BLK,BTK,EGFR,EPHA2,FER,FGFR1,FGFR3,FLT1,FRK,KDR,LCK,LRRK2,LTK,NTRK3,PDPK1,PLK4,PRKACA,PRKCA,PTK2,RET,ROS1,RPS6KA3,SRC,TNK2"
"AML2R","AZ 3146","False",3.1,"MPS1,TTK"
"AML2R","Bicalutamide","False",0,"AR,CFLAR,FST,AR"
"AML2R","GSK269962","False",6.4,"ROCK1,ROCK2,ABL1,AKT1,AKT2,AURKA,AURKB,CDC42BPA,CDC7,CDK2,CLK4,DAPK3,FLT1,FYN,GSK3A,GSK3B,HIPK2,MKNK2,PIM1,PKN2,PLK4,PRKACA,PRKCA,PRKCD,PRKCG,PRKCI,PRKCZ,PRKG1,PRKG2,PRKX,RPS6KA3,RPS6KA5,RPS6KB1,SGK1,SGK2,STK17A,TSSK1B"
"AML2R","AZD-1080","False",4.8,"GSK3,CDK5,GSK3B,STK17A"
"AML2R","VS-4718","False",6,"FAK,PTK2,MAPK10,MAPK9"
"AML2R","Veliparib","False",0.1,"PARP,PARP1,PARP2,STAG2,PARP1, PARP2, PARP3"
"AML2R","PF-4800567","False",0,"CK1EPSILON,CSNK1D,CSNK1E"
"AML2R","Osimertinib","False",7.7,"EGFR(L858R),EGFR(T790M),EGFR,EGFR,EGFR, ERBB2, ERBB3, ERBB4,INSR"
"AML2R","Ensartinib","False",0.8,"ALK,ALK,EML4"
"AML2R","Tacedinaline","False",0.3,"HDAC,HDAC1,HDAC2"
"AML2R","Masitinib","False",4.9,"KIT,ABL1,ABL2,BLK,CSF1R,DDR1,DDR2,FGR,FRK,FYN,HCK,KIT,LCK,LYN,PDGFRA,PDGFRB,PIM3,SRC,YES1,ZAK"
"AML2R","Tubacin","False",0,"HDAC6,HDAC3,HDAC6"
"AML2R","ASP3026","False",6,"ALK,ALK,NPM1,EML4"
"AML2R","Tucatinib","False",0,"HER2,ERBB2"
"AML2R","Napabucasin","False",19.2,"CSC,STAT3"
"AML2R","Abiraterone","False",9.6,"CYP17A1,CYP17A1,DSE,TSPYL1,CYP17A1"
"AML2R","I-BET151","False",10.4,"BET,BRD4,BRD2,BRD3,BRD4"
"AML2R","AR-42","False",14.1,"HDAC"
"AML2R","Birabresib","False",13.9,"BET,DNER,BRD2,MYCN,BRD4,BRD2,BRD3,BRD4"
"AML2R","UNC2881","False",1.2,"MER"
"AML2R","Exemestane","False",1,"AROMATASE,CYP19A1,KMT2C,AKR1C4,CYP19A1"
"AML2R","Dexamethasone","False",2.4,"GLUCOCORTICOID,NR3C1,NR3C2,PLA2G1B,PLA2G5"
"AML2R","GSK2636771","False",0,"PI3KBETA,PIK3CB"
"AML2R","Abemaciclib","False",13.3,"CDK4,CDK6,CCND2,CCND1, CDK4,CCND1, CDK6,CCNE1, CDK2,CCNT1, CDK9"
"AML2R","Amuvatinib","False",0,"BROAD TK,RAD51"
"AML2R","UM729","False",0.9,"AHR"
"AML2R","CPI-360","False",0,"EZH2"
"AML2R","PF06650833","False",1.3,"IRAK4,IRAK4"
"AML2R","Sepantronium bromide","False",29.5,"SURVIVIN"
"AML2R","Fingolimod","False",8.3,"S1PR,S1PR1,S1PR1"
"AML2R","BIIB021","False",18.5,"HSP90"
"AML2R","Enzastaurin","False",3.5,"PKCBETA,PRKCB,CLK1,CLK2,DYRK1A,FLT3,GSK3B,HIPK2,ICK,MAPK15,MYLK4,PIM1,PIM2,PRKACA,PRKACB,PRKCD,PRKCE,PRKCH,PRKCQ,PRKG2,RPS6KA3,STK17A,TLK1"
"AML2R","AZD8055","False",18,"MTOR,FKBP1A, MTOR,MTOR"
"AML2R","Infigratinib","False",0,"FGFR,FGFR1,FGFR2"
"AML2R","Valproic acid","False",0,"HDAC"
"AML2R","AZ191","False",4.7,"DYRK1A"
"AML2R","TAK-285","False",0.6,"HER2,EGFR,ERBB2,ERBB4"
"AML2R","LY3023414","False",8.5,"PI3K,MTOR,DNA-PK"
"AML2R","Afatinib","False",1.9,"EGFR,EGFR,ABL1,BLK,DYRK1A,EGFR,EPHA6,ERBB2,ERBB4,GAK,HIPK4,IRAK1,LCK,PHKG2"
"AML2R","GSK-J4","False",3.8,"JMJD3"
"AML2R","RGFP966","False",2.5,"HDAC3"
"AML2R","NVP-LCL161","False",4.8,"IAP,SMAC,BIRC2,BIRC3"
"AML2R","Milciclib","False",11.5,"CDK2,ABL1,CDK1,CDK2,CDK4,CDK5,CDK7,FLT4,KIT,LCK,NTRK1"
"AML2R","BMS-777607","False",0,"MET,AXL,RON,TYRO3,MET,AURKB,AXL,BLK,EPHA3,FLT3,KDR,KIT,LCK,MERTK,MET,MKNK2,MST1R,MUSK,NTRK1,NTRK2,PDGFRB,SRC,STK10,TEK,TYRO3"
"AML2R","Uprosertib","False",0,"AKT,AKT1"
"AML2R","Ivosidenib","False",0.1,"IDH1 R132H,IDH1 R132C,IDH1"
"AML2R","Tepotinib","False",0,"CMET,MET,MET"
"AML2R","Pictilisib","False",5.3,"PAN-PI3K,RIT1,CLK2,HIPK2,HIPK3,MAPK10,MTOR,MYLK4,PIK3C2B,PIK3C2G,PIK3CA,PIK3CB,PIK3CD,PIK3CG,RIOK2"
"AML2R","Buparlisib","False",2.8,"PAN-PI3K,PIK3CA,PIK3CB,PIK3CD,PIK3CG"
"AML2R","Fostamatinib","False",7.2,"SYK,SYK,RB1,SYK"
"AML2R","SAR405838","False",5.8,"MDM2"
"AML2R","Merestinib","False",0,"MET,AXL"
"AML2R","Epacadostat","False",0,"IDO,IDO1,IDO1"
"AML2R","GSK2656157","False",0,"PERK,EIF2AK1,EIF2AK2,EIF2AK3"
"AML2R","Nilotinib","False",0,"ABL,ABL1,DDR2,ABL1,ABL2,BLK,CDC42BPB,CSF1R,DDR1,DDR2,EPHA1,EPHA2,EPHA3,EPHA4,EPHA6,EPHA8,EPHB2,EPHB4,EPHB6,FGR,FRK,HCK,KIT,LCK,LYN,MAP2K5,MAP4K1,MAPK11,MAPK14,MAPK8,NTRK2,NTRK3,PDGFRA,PDGFRB,TNNI3K,ZAK"
"AML2R","Trametinib","False",5.6,"MEK1,MEK2,ETV5,ETV4,ETV1,BRAF,DUSP6,RASA1,MAP2K1,MAP2K2"
"AML2R","Ridaforolimus","False",3.8,"FKBP12,MTORC1"
"AML2R","Niraparib","False",1.4,"PARP,PARP1,PARP2,SLFN11,PARP1,PARP2,PARP4,TNKS"
"AML2R","GDC-0623","False",0.9,"MEK1,MEK2,MAP2K7"
"AML2R","Cerdulatinib","False",13.6,"JAK,SYK,CHEK1,FLT3,FLT4,ITK,JAK1,JAK2,JAK3,MAP3K9,MAP4K2,MARK1,NUAK1,RET,SYK,TBK1,TYK2"
"AML2R","Losmapimod","False",0,"P38MAPK,MAPK14"
"AML2R","AZD6738","False",6.2,"ATR,ATR"
"AML2R","Acalabrutinib","False",0,"BTK,BTK,BTK"
"AML2R","UCN-01","False",21,"PKCBETA,PDK1,CHK,CDK2,CDK1,CDK2,CHEK1"
"AML2R","AT9283","False",8.2,"AURA,AURB,JAK2,FLT,ABL,ABL1,AURKA,AURKB,FGFR1,FGFR2,FGFR3,FLT1,FLT3,FLT4,GSK3B,JAK2,JAK3,KDR,MERTK,PDK1,PRKD1,RET,RPS6KA2,RPS6KA3,RPS6KA4,STK17A,TYK2,YES1"
"AML2R","GSK2801","False",0,"BAZ2B/A BROMODOMAIN,BAZ2A,BAZ2B"
"AML2R","Silmitasertib","False",8.1,"CSNK2A1,CSNK2A1,CCNB1, CCNB2, CCNB3, CDK1,CLK3,CSNK2A1,CSNK2A2,DAPK3,FLT3,HIPK3,PIM1,PIM2,TBK1"
"AML2R","Encorafenib","False",0,"BRAF(V600E),BRAF"
"AML2R","Palbociclib","False",9.6,"CDK4,CDK6,CDKN2B,CDK5,CDK9,CLK2,CLK4,DAPK3,DYRK1A,DYRK1B,PRKD3,ROCK2,RPS6KA3,TAOK1"
"AML2R","Rucaparib","False",2.1,"PARP,DYRK1A,PARP1"
"AML2R","Lenalidomide","False",0,"IMMUNOMODULATORY,TNFSF11,CRBN"
"AML2R","Idelalisib","False",3.2,"P110ALPHA,PI3K,PIK3CA, PIK3R1,PIK3CB,PIK3CD,PIK3CD, PIK3R1,PIK3CG"
"AML2R","Lovastatin","False",0,"HMG-COA REDUCTASE,HMGCR"
"AML2R","Varlitinib","False",0,"EGFR,HER2,EGFR,EGFR, ERBB2, ERBB3, ERBB4"
"AML2R","Darapladib","False",0.8,"LP-PLA2,PLA2G7,PLA2G7"
"AML2R","ML390","False",0.9,"DHODH"
"AML2R","Enasidenib","False",0,"IDH2-R140Q,IDH2,IDH1"
"AML2R","PIM-447","False",5.5,"PIM1,PIM2,PIM3,PIM2"
"AML2R","Vismodegib","False",0,"HH,PTCH1,SMO,SHH,SHH,SMO"
"AML2R","Sunitinib","False",6.3,"BROAD TK,EWSR1,AAK1,ABL1,ALK,ANKK1,AURKB,AURKC,AXL,BLK,BMP2K,BMPR2,CAMK1D,CAMK1G,CAMK2A,CAMK2D,CAMK2G,CAMK4,CAMKK1,CDK14,CDK16,CDK7,CHEK1,CHEK2,CHUK,CLK1,CLK2,CLK4,CSF1R,CSNK1A1,CSNK1A1L,CSNK1D,CSNK1G3,CSNK2A1,CSNK2A2,DAPK1,DAPK2,DAPK3,DCLK1,DCLK3,DLK1,DYRK1A,DYRK2,EIF2AK2,EIF2AK4,EPHB1,EPHB6,ERN1,FES,FGFR2,FGFR3,FGR,FLT1,FLT3,FLT4,GAK,GRK1,GRK4,GRK7,HIPK2,HIPK3,HIPK4,HUNK,ICK,IKBKE,INSR,INSRR,IRAK1,IRAK3,IRAK4,ITK,JAK1,JAK2,KDR,KIT,LATS1,LATS2,LCK,LRRK2,LYN,MAP2K1,MAP2K2,MAP2K5,MAP3K12,MAP3K13,MAP3K19,MAP3K2,MAP3K3,MAP3K7,MAP4K1,MAP4K3,MAP4K4,MAP4K5,MARK2,MARK3,MAST1,MELK,MERTK,MINK1,MUSK,MYLK,MYLK2,MYLK3,MYLK4,NEK2,NIM1K,NTRK1,NTRK2,NUAK1,NUAK2,OXSR1,PDGFRA,PDGFRB,PHKG1,PHKG2,PIP4K2B,PKN1,PLK4,PRKAA1,PRKAA2,PRKD1,PRKD2,PRKD3,PRPF4,PRPF4B,PTK2,PTK2B,RET,RIOK1,RIOK2,RIPK1,ROCK1,ROCK2,RPS6KA1,RPS6KA2,RPS6KA3,RPS6KA5,RPS6KB1,SBK1,SGK3,SIK2,SLK,SNRK,SRPK1,SRPK2,SRPK3,STK10,STK11,STK16,STK17A,STK17B,STK24,STK25,STK26,STK3,STK33,STK38,STK39,STK4,TAOK3,TBK1,TLK1,TLK2,TNIK,TNK1,TTK,TYK2,TYRO3,ULK1,ULK2,ULK3,YES1"
"AML2R","AZD4547","False",0,"FGFR,FGFR1,FGFR2,FGFR3,FGFR4,KDR"
"AML2R","Pomalidomide","False",0,"IMMUNOMODULATORY,CRBN,CUL4A,DDB1,RBX1"
"AML2R","Sapitinib","False",0,"EGFR,HER2,HER3,ERBB3,EGFR,ERBB2,ERBB3"
"AML2R","Lenvatinib","False",0,"VEGFR,FLT4,KDR"
"AML2R","LY-2874455","False",5.1,"FGFR,FGFR1,FGFR2,FGFR3,FGFR4"
"AML2R","Filgotinib","False",7.4,"JAK1,JAK1,CSF1R,FLT3,FLT4,JAK1,JAK1, JAK2, TYK2,JAK3,TYK2"
"AML2R","PF-06463922","False",0,"ALK,ROS1,ALK,ROS1,EML4,ALK,FER,FES,FRK,LTK,NTRK1,NTRK3,PTK2,PTK2B,TNK2"
"AML2R","Tacrolimus","False",0.7,"FKBP12,CALCINEURIN,POR,SUMO4,CYP3A4,CYP3A5,FKBP1A,MTOR,PPP3CA,SF3B3"
"AML2R","Mepacrine","False",20.6,"PLA2,NFKB,P53"
"AML2R","GSK923295","False",11.1,"CENP-E,CENPE"
"AML2R","AMG-925","False",2.8,"FLT3,CDK4"
"AML2R","GDC-0853","False",0,"BTK,BTK"
"AML2R","AZD1152-HQPA","False",10.3,"AURB"
"AML2R","Vatalanib","False",0,"VEGFR1,VEGFR2,CSF1R,DDR1,FLT1,FLT4,KDR,KIT,PDGFRA,PDGFRB"
"AML2R","Quizartinib","False",4,"FLT3,FLT3,KIT,CBL,CSF1R,DDR1,DDR2,FLT1,FLT3,FLT4,HIPK4,KDR,KIT,MAP4K5,MAPK15,MYLK3,NTRK2,NTRK3,PDGFRA,PDGFRB,RET"
"AML2R","Doramapimod","False",0,"P38MAPK,BLK,CDC42BPB,CDK19,CDK8,DDR1,DDR2,EPHA3,EPHA7,EPHA8,EPHB2,FLT1,FRK,KIT,MAP3K7,MAP4K4,MAPK10,MAPK11,MAPK11, MAPK12, MAPK13, MAPK14,MAPK12,MAPK13,MAPK14,MAPK9,MINK1,NTRK1,NTRK2,NTRK3,PTK2B,RET,SLK,STK10,TEK,TIE1,TNIK,ZAK"
"AML2R","TAK-901","False",9,"AURA,AURB,AURC,SRC,JAK3,RTK,AURKB,ACVR1,AURKA,AURKB,AURKC,AXL,BLK,BTK,CDK7,CHEK2,CLK1,CLK2,CLK3,EPHA1,EPHA2,EPHA4,EPHB1,EPHB2,EPHB4,FES,FGFR1,FGFR2,FGFR3,FGR,FLT3,FRK,FYN,HCK,ITK,JAK1,JAK2,JAK3,KIT,LCK,LRRK2,MAP3K9,NTRK1,NUAK1,PDGFRA,RET,SIK2,SLK,SRC,STK16,STK33,TNK2,TYK2,YES1"
"AML2R","Gefitinib","False",0.2,"EGFR,ABL1,CHEK2,EGFR,EPHA6,ERBB3,ERBB4,GAK,HIPK4,IRAK1,IRAK4,LCK,MAP2K5,MAP3K19,MKNK1,MKNK2,RIPK2,SBK1,STK10"
"AML2R","UNC0638","False",5.1,"G9A,GLP"
"AML2R","Bentamapimod","False",1.6,"JNK"
"AML2R","Capmatinib","False",0,"MET,MET,MET"
"AML2R","Vemurafenib","False",0,"B-RAF(V600E),BRAF,PREX2,STAG3,ARAF,BRAF,KDR,RAF1"
"AML2R","Ruboxistaurin","False",9,"PKCBETA,PRKCB,BAD,AAK1,CDK4,CHEK1,DAPK1,DMPK,DYRK1A,FLT3,GRK1,GRK4,GRK7,HIPK1,HIPK2,HIPK3,ICK,JAK3,LATS2,MAP2K4,MAP3K19,MAP3K2,MAP3K3,MAP4K2,MAPK15,MINK1,MYLK,NUAK2,PDPK1,PIM1,PIM2,PIM3,PIP4K2B,PIP5K1A,PIP5K1C,PKN1,PRKCD,PRKCE,PRKCQ,PRKD2,RIOK1,RPS6KB1,SLK,STK10,STK3,TAOK3,TBK1"
"AML2R","Luminespib","False",28.5,"HSP90,HSP90AA1,HSP90AA1, HSP90AB1,HSP90AB1,HSP90B1,TRAP1"
"AML2R","PF-03758309","False",19.9,"PAK,PAK4,PAK1,PAK2,PAK3,PAK4,PAK6,PAK7"
"AML2R","MK-8776","False",1.5,"CHEK1,CHEK1"
"AML2R","AZD1208","False",0.4,"PIM1,PIM2,PIM3,PIM2,PIM1,PIM2,PIM3"
"AML2R","Glasdegib","False",1.2,"HH,SMO"
"AML2R","BCI","False",19.4,"DUSP6"
"AML2R","Mivebresib","False",24.8,"BET,DNER,BRD2,BRD3,BRDT"
"AML2R","Pemetrexed","False",6.9,"DHFR,DHFR,GART,TYMS,ATIC,FOLR3,SLC46A1,SLC19A1,FOLR1,FOLR2,GART,SLC19A1,SLC46A1"
"AML2R","PD0325901","False",1.1,"MEK1,MEK2,BRAF,MAP2K1"
"AML2R","Ceritinib","False",0.9,"ALK,ALK,EML4,ALK,EGFR,FGFR2,FGFR4,IGF1R,INSR,LCK,ROS1,TSSK1B"
"AML2R","GSK2830371","False",6.5,"WIP1"
"AML2R","Olmutinib","False",0,"EGFR,L858R,T790M,BTK,EGFR, ERBB2, ERBB3, ERBB4"
"AML2R","Alvocidib","False",19.5,"CDK,ALK,BMPR1B,CAMKK1,CAMKK2,CDK13,CDK14,CDK15,CDK16,CDK17,CDK19,CDK2,CDK3,CDK4,CDK5,CDK7,CDK8,CDK9,CDKL5,CIT,DMPK,DYRK1A,DYRK1B,EIF2AK1,GAK,GRK1,GRK7,GSK3B,ICK,IRAK1,MAK,MAP2K5,MAP4K2,MAPK15,MAPK7,PIM1,PIM2,PIM3,PIP4K2C,PRKCD,PRKCE,PRKCH,PRKCQ,PRKD1,PRKD3,STK35,TAOK1,TAOK2,TAOK3,TBK1,TNNI3K,TYK2,ULK2,VRK2"
"AML2R","Midostaurin","False",10.7,"BROAD TK,FLT3,KIT,RET,JAK,EGFR,STK32B,AAK1,AKT1,AKT2,ALK,AURKA,AURKB,AURKC,AXL,BLK,BMP2K,BRSK2,CAMK1D,CAMK2A,CAMK2B,CAMK2D,CAMK2G,CAMKK1,CAMKK2,CLK1,CLK2,CLK4,CSF1R,DAPK2,DYRK1A,DYRK1B,EIF2AK4,FGR,FLT1,FLT3,FLT4,GAK,GRK1,GRK4,GRK7,HCK,HIPK4,HUNK,IKBKE,IRAK3,JAK2,JAK3,KIT,LCK,LRRK2,MAP3K11,MAP3K19,MAP3K2,MAP3K3,MAP3K7,MAP3K9,MAP4K3,MAP4K4,MARK1,MARK2,MARK3,MARK4,MELK,MET,MINK1,MKNK2,MYLK4,NTRK1,NTRK2,NUAK1,NUAK2,PDGFRA,PDGFRB,PDPK1,PHKG1,PIK3C2G,PIM1,PIM3,PIP4K2B,PIP5K1A,PKN1,PKN2,PLK4,PRKAA1,PRKAA2,PRKACA,PRKACB,PRKCA,PRKCD,PRKCE,PRKCH,PRKCQ,PRKG1,PRKG2,PRKX,PRPF4,PRPF4B,PTK2B,RET,RIOK2,RIOK3,ROS1,RPS6KA1,RPS6KA2,RPS6KA4,RPS6KA5,SIK1,SIK2,SIK3,SLK,SRPK1,SRPK2,SRPK3,STK10,STK11,STK16,STK3,STK4,SYK,TBK1,TNK1,TNK2,TNKS2,TTK,YES1"
"AML2R","Alpelisib","False",0.5,"PI3KALPHA,PIK3CA,PIK3CD,PIK3CG"
"AML2R","NVP-LGK974","False",0.9,"PORCN,PORCN,NOTCH1"
"AML2R","NVP-BGT226","False",13.3,"PI3K,MTOR"
"AML2R","Rocilinostat","False",4.4,"HDAC6,HDAC6,HDAC1,HDAC2,HDAC3,HDAC6,HDAC8"
"AML2R","Marimastat","False",0,"MMP9,MMP1,MMP2,MMP14,MMP7,MMP9,MMP3,MMP7,MMP2,MMP1,ADAM17,ADAM10,MMP1,MMP13,MMP2,MMP3,MMP7,MMP8,MMP9"
"AML2R","Carfilzomib","False",29.3,"PROTEASOME,ADRM1, PSMA1, PSMA2, PSMA3, PSMA4, PSMA5, PSMA6, PSMA7, PSMA8, PSMB1, PSMB10, PSMB11, PSMB2, PSMB3, PSMB4, PSMB5, PSMB6, PSMB7, PSMB8, PSMB9, PSMC1, PSMC2, PSMC3, PSMC4, PSMC5, PSMC6, PSMD1, PSMD11, PSMD12, PSMD13, PSMD14, PSMD2, PSMD3, PSMD4, PSMD6, PSMD7, PSMD8, SHFM1,PSMB5,PSMB8"
"AML2R","GDC-0919","False",1.2,"IDO,COL4A2"
"AML2R","CEP-32496","False",0,"BRAF,ABL1,BRAF,CSF1R,EGFR,EPHA2,KDR,KIT,LCK,MET,PDGFRB,RAF1,RET"
"AML2R","Venetoclax","False",3.6,"BCL2,IGH,IDH2,BCL2,BCL2L1,MCL1"
"AML2R","Finasteride","False",0,"5ARI,SRD5A2,AKR1D1,SRD5A1,SRD5A1,SRD5A2"
"AML2R","Tamoxifen","False",1.5,"ER,E2F7,PIP,LRMDA,RRAS2,DHCR7, EBP,ESR1,ESR1, ESR2,ESR2,ESRRA,HTR2C,SIGMAR1,TBXAS1"
"AML2R","Tivantinib","False",3.5,"MET,MET,MET"
"AML2R","Quisinostat","False",13.6,"HDAC,HDAC1,HDAC10,HDAC11,HDAC2,HDAC3,HDAC4,HDAC5,HDAC6,HDAC7,HDAC8,HDAC9"
"AML2R","Enzalutamide","False",0,"AR,AR"
"AML2R","Pevonedistat","False",14.7,"NAE,UBA3,NAE1,NAE1"
"AML2R","PS-1145","False",0,"IKK2,CHUK,IKBKB,PIM3"
"AML2R","Upadacitinib","False",11.7,"JAK1,JAK1"
"AML2R","Foretinib","False",3.2,"MET,VEGFR2,ABL1,ABL2,ALK,AURKA,AURKB,AURKC,AXL,BLK,BMX,BTK,CAMKK1,CDC42BPA,CDC42BPB,CDC42BPG,CDK11A,CDK11B,CDK13,CDK14,CDK15,CDK16,CDK17,CDK18,CDK19,CDK7,CDK8,CDKL2,CHEK2,CLK1,CLK4,CSF1R,CSK,DDR1,DDR2,DSTYK,EGFR,EIF2AK1,EPHA1,EPHA2,EPHA3,EPHA4,EPHA5,EPHA6,EPHA7,EPHA8,EPHB1,EPHB2,EPHB3,EPHB4,EPHB6,ERBB2,ERBB4,FER,FES,FGFR1,FGFR2,FGR,FLT1,FLT3,FLT4,FRK,FYN,HCK,HIPK1,HIPK2,HIPK3,HIPK4,IGF1R,INSR,INSRR,IRAK3,ITK,KDR,KIT,LCK,LIMK1,LTK,LYN,MAP2K1,MAP2K2,MAP2K5,MAP3K10,MAP3K11,MAP3K12,MAP3K13,MAP3K19,MAP3K7,MAP4K1,MAP4K3,MAP4K4,MAP4K5,MAPK11,MAPK12,MAPK13,MAPK14,MAPK15,MAPK9,MELK,MERTK,MET,MKNK1,MKNK2,MST1R,MUSK,MYO3B,NEK9,NLK,NTRK1,NTRK2,NTRK3,PDGFRA,PDGFRB,PIP4K2C,PLK4,PRKAA1,PTK2,PTK2B,PTK6,RET,RIPK1,RIPK2,RIPK4,ROS1,SIK1,SIK2,SLK,SRC,SRMS,STK10,STK33,STK35,STK36,SYK,TBK1,TEC,TEK,TESK1,TIE1,TNIK,TNK1,TNK2,TNNI3K,TTK,TXK,TYRO3,ULK3,YES1,ZAK"
"AML2R","Tosedostat","False",1.9,"M1 AMINOPEPTIDASE,XPNPEP2,RNPEP,METAP1,RNPEPL1,METAP1D,NPEPPS,AOPEP,LVRN,XPNPEP1,XPNPEP3,LAP3,DNPEP,NPEPL1,LNPEP,ENPEP"
"AML2R","AT7519","False",26.2,"CDK1,CDK2,CDK4,CDK6,CDK9,CASK,CDK11A,CDK11B,CDK13,CDK14,CDK15,CDK16,CDK17,CDK18,CDK2,CDK3,CDK4,CDK5,CDK7,CDK9,CDKL5,CLK1,CLK3,DYRK1A,DYRK1B,GSK3A,GSK3B,ICK,MAK,MAPK15,MAPK7,TAOK1,TAOK2,TAOK3"
"AML2R","Abexinostat","False",16.7,"HDAC1,HDAC1,HDAC10,HDAC2,HDAC3,HDAC6,HDAC8"
"AML2R","Copanlisib","False",4.9,"PI3KALPHA,PI3KDELTA,PIK3CA,PIK3CB,PIK3CD,PIK3CG"
"AML2R","GNE-7915","False",0,"LRRK2"
"AML2R","Resatorvid","False",0,"TLR4,TLR4,TLR4"
"AML2R","OTS-964","False",21.4,"TOPK"
"AML2R","NVP-SHP099","False",0.8,"SHP2"
"AML2R","E7820","False",4.1,"ITGA2,ITGA2"
"AML2R","Gandotinib","False",11.6,"JAK2,JAK2,FGFR2,FLT4,JAK2,MAP3K9"
"AML2R","Daporinad","False",23,"NAMPT,NAMPT,NAMPT"
"AML2R","GSK650394","False",1.8,"SGK1,SGK2,SGK1"
"AML2R","SGI-1776","False",8.7,"PIM,PIM2,FLT3,GSG2,KCNH2,PIM1,PIM2,PIM3"
"AML2R","ENMD-2076","False",10.5,"VEGFR,AURA,AURB,AURC,ABL1,AURKA,AURKB,FGFR1,FLT3,KDR,KIT,PDGFRA,PTK2,SRC"
"AML2R","GSK2256098","False",0.2,"FAK,PTK2"
"AML2R","Regorafenib","False",2.8,"BRAF,CKIT,VEGFR2,BRAF,EPHX2"
"AML2R","Sirolimus","False",4.1,"FKBP12,MTORC1,DCN,RBL2,IL7,EIF4E,FKBP4,FKBP1A,MTOR"
"AML2R","Entinostat","False",4.3,"HDAC,CYP3A4,HDAC1,HDAC2,HDAC3"
"AML2R","Tofacitinib","False",8.5,"JAK3,JAK2(V617F),JAK3,PTPN6,STAT5A,STAT5B,DCLK3,JAK1,JAK2,JAK3,LRRK2,NUAK2,PKN1,ROCK1,ROCK2,TNK1,TYK2"
"AML2R","Panobinostat","False",16.8,"HDAC ,HDAC1,HDAC1, HDAC10, HDAC11, HDAC2, HDAC3, HDAC4, HDAC5, HDAC6, HDAC7, HDAC8, HDAC9,HDAC10,HDAC2,HDAC3,HDAC3, NCOR2,HDAC4,HDAC5,HDAC6,HDAC8,HDAC9"
"AML2R","PFI-1","False",5.4,"BET,BRD2,BRD3,BRD4,BRDT"
"AML2R","Selinexor","False",13.4,"EXPORTIN1,XPO1"
"AML2R","EPZ-5687","False",0.3,"EZH2"
"AML2R","Ulixertinib","False",5.3,"ERK,EPHB2"
"AML2R","A-1155463","False",1,"BCL-XL"
"AML2R","AZD3759","False",0,"EGFR,CYP1A2,CYP2B6,CYP2C19,CYP2C8,CYP2C9,CYP2D6,CYP3A4,CYP3A5,DRD2,EGFR,EGFR, ERBB2, ERBB3, ERBB4,KDR,SRC"
"AML2R","Vorinostat","False",6.8,"HDAC,CHD4,HDAC1,HDAC1, HDAC10, HDAC11, HDAC2, HDAC3, HDAC4, HDAC5, HDAC6, HDAC7, HDAC8, HDAC9,HDAC1, HDAC2,HDAC1, HDAC3, HDAC5, HDAC8,HDAC10,HDAC11,HDAC2,HDAC3,HDAC3, NCOR2,HDAC6,HDAC8"
"AML2R","SNS-032","False",29.4,"CDK,CASK,CDK11A,CDK11B,CDK13,CDK14,CDK15,CDK16,CDK17,CDK18,CDK19,CDK2,CDK3,CDK4,CDK5,CDK7,CDK9,CDKL2,CDKL5,CLK1,CLK4,CSNK1E,DYRK1A,DYRK1B,GSK3A,GSK3B,ICK,MAPK15,MAPK6,MAPK7,MYLK2,PRKD3,STK17A,STK36,TAOK3"
"AML2R","Imatinib","False",1.2,"BCR,ABL,KIT,PDGFRB,DDR1,SLC22A4,FIP1L1,ABL1,ABL2,BLK,CSF1R,DDR1,DDR2,HIPK4,KIT,LCK,PDGFRA,PDGFRB,PIP4K2C"
"AML2R","AZD1480","False",4.8,"JAK1,JAK2,FGFR,STAT5A,JAK2,NTRK1,STAT3,STAT5A"
"AML2R","Tesevatinib","False",1.9,"EGFR,ERBB2,VEGFR,EPHB4,EPHB4,EGFR,EPHA2,EPHB4,FLT1"
"AML2R","Gedatolisib","False",11.1,"PI3K,MTOR,MTOR,PIK3CA,PIK3CB,PIK3CD,PIK3CG"
"AML2R","PF-00562271","False",5.6,"FAK"
"AML2R","Molibresib","False",7.8,"BET,BRD4,DNER,BRD2,BRD3,BRD4"
"AML2R","Larotrectinib","False",0,"TRK,NTRK3,NTRK2,NTRK1,ETV6,NTRK1,NTRK2,NTRK3"
"AML2R","Taladegib","False",0,"HH,SMO"
"AML2R","Omaveloxolone","False",21.2,"NRF2,HEBP1"
"AML2R","Vesatolimod","False",0,"TLR7,TLR7"
"AML2R","Bexarotene","False",0.2,"RETINOID,RXRG,RXRB,RXRA,RXRB,RXRG"
"AML2R","Momelotinib","False",14.2,"JAK1,JAK2,ACVR1,BMPR1A,BMPR1B,JAK1,JAK2,JAK3,TGFBR1"
"AML2R","Mubritinib","False",0,"HER2"
"AML2R","Taselisib","False",1.5,"PI3KALPHA,PI3KDELTA,PI3KGAMMA,PIK3C2B,PIK3C3,PIK3CA"
"AML2R","AZD3965","False",0,"MCT1,SLC16A1"
"AML2R","AZD0156","False",0,"ATM"
"AML2R","RSL3","False",0,"GPX4"
"AML2R","TIC10","False",9.3,"ERK,AKT,TRAIL"
"AML2R","Dactolisib","False",13.2,"PI3K,MTOR,ALK,CDK7,CHEK1,CLK4,CSF1R,LIMK1,LTK,MAP4K2,MAP4K5,MET,MTOR"
"AML2R","Roxadustat","False",0,"HIF-PH,EGLN2,EGLN1,P4HTM,EGLN3"
"AML2R","Rigosertib","False",11.8,"RAS,RAF,PLK1"
"AML2R","CC-223","False",8.4,"MTOR,FLT4"
"AML2R","Anastrozole","False",0,"AROMATASE,CYP19A1,KMT2C,CYP19A1"
"AML2R","Tazemetostat","False",2,"EZH2,EZH2,SMARCB1,SMARCA4,KDM6A"
"AML2R","AZD-6482","False",0,"PI3KBETA,PIK3CA,PIK3CB,PIK3CD"
"AML2R","PHA 408","False",4.2,"IKK2,IKBKB"
"AML2R","Hydroxyfasudil","False",3.4,"ROCK,PKA,PKG,PRK,PRKX,ROCK1,ROCK2"
"AML2R","Omipalisib","False",9.6,"PI3K,MTOR,MTOR,PIK3CA,PIK3CB,PIK3CD,PIK3CG"
"AML2R","Mocetinostat","False",10.5,"HDAC1,HDAC2,CYP3A4,HDAC1,HDAC11,HDAC2,HDAC3,HDAC3, NCOR1,HDAC3, NCOR2"
"AML2R","Pravastatin","False",0,"HMG-COA REDUCTASE,ADAMTS1,KIF6,HMGCR"
"AML2R","SCH772984","False",8.1,"ERK1,ERK2,AURKC,CLK1,CLK2,MAP2K3,MAPK1,MAPK10,MAPK3,MAPK9,MINK1,PRKD1,STK17A,TTK"
"AML2R","BX-912","False",11.2,"PDK1,PDPK1"
"AML2R","Afuresertib","False",0.8,"AKT1,ROCK1, ROCK2"
"AML2R","S-63845","False",7.9,"MCL1"
"AML2R","Entrectinib","False",1.3,"TRK,ROS1,ALK,ABL1,ALK,AURKA,AURKB,AXL,BLK,BTK,CDC7,CLK4,CSF1R,FER,FGFR1,FGFR3,FLT1,FLT3,FLT4,FRK,FYN,IGF1R,JAK2,JAK3,KDR,KIT,LCK,LTK,LYN,MAP4K2,MAP4K5,MET,MST1R,NTRK1,NTRK2,NTRK3,PLK4,PRKAA1,PRKCG,PTK2,RET,SLK,SRC,SYK,TNK2"
"AML2R","Radotinib","False",0.1,"ABL,PDGFR,PDGFRA"
"AML2R","Sapanisertib","False",10.4,"MTOR,PIK3CG"
"AML2R","Cilengitide","False",0,"ALPHAVBETA3 INTEGRIN,ITGAV,ITGB5,ITGB3,ITGAV,ITGAV, ITGB3,ITGAV, ITGB5"
"AML2R","Ixazomib","False",8.8,"PROTEASOME,PSMC5,NPM1,NFKB1, NFKB2, RELA,PSMB5"
"AML2R","Litronesib","False",13.7,"EG5,KIF11"
"AML2R","Tucidinostat","False",5.6,"HDAC1,HDAC2,HDAC3,HDAC10"
"AML2R","Goserelin","False",0,"GNRH,LHCGR,MYOD1"
"AML2R","Tretinoin","False",0,"RETINOID,RARRES1,FUS,PML,BCOR,HTR2B,MAPK1,RARA,RARB,RARG,RORA,RORB,RORC,RXRG"
"AML2R","Deferoxamine","False",4.6,"IRON CHELATOR,MMP12,NEUROD1,UBE2D1"
"AML2R","UNC0642","False",8.4,"G9A,GLP"
"AML2R","Oprozomib","False",18.5,"PROTEASOME,PSMB5,PSMB8"
"AML2R","RO5126766","False",0,"RAF,MEK,RAF1"
"AML2R","Ponatinib","False",4,"BROAD TK,ABL1,ABL1,ABL1, ABL2,ABL1, BCR,FGFR1,FLT3,KDR,KIT,RET,SRC"
"AML2R","Plerixafor","False",0,"CXCR4,CXCR4,CCR2,CCR2,CXCR4"
"AML2R","Toremifene","False",4.2,"ER,CD80"
"AML2R","NVP-RAF265","False",0,"CRAF,BRAF,CIT,CSF1R,DDR1,DDR2,EIF2AK2,EIF2AK4,EPHB6,FLT1,FRK,HIPK4,KIT,LCK,LYN,MAP3K19,MAP3K7,MAP4K5,PDGFRB,RAF1,RET,RIPK2,SLK,STK10,TAOK2,TAOK3,TIE1,YES1,ZAK"
"AML2R","Simvastatin","False",0,"HMG-COA REDUCTASE,F3,HMGCR"
"AML2R","Resminostat","False",8.7,"HDAC1,HDAC3,HDAC6"
"AML2R","PH-797804","False",0,"P38MAPK,MAPK11,MAPK14"
"AML2R","Lapatinib","False",0,"HER2,EGFR,HLA-DQA1,EEF2K,EGFR,ERBB2,ERBB4,PI4KB,PIK3C2B"
"AML2R","PF-670462","False",0,"CK1EPSILON,CK1DELTA,CSNK1D,CSNK1E,EGFR,MAPK11, MAPK12, MAPK13, MAPK14,MAPK14"
"AML2R","GSK-1070916","False",5.9,"AURB,AURC,AURKC,AURKB,AURKB,AURKC,FGFR1,FLT1,FLT4,SIK1,TEK"
"AML2R","NVP-CGM097","False",9.4,"P53,MDM2,GNA11"
"AML2R","CC-115","False",6.9,"MTOR,DNA-PK,PRKDC"
"AML2R","Ralimetinib","True",0,"P38MAPK"
"AML2R","TRAM-34","True",0,"IONOPHORE"
"AML2R","AZD7545","True",0.9,"PDHK"
"AML2R","BAY 87-2243","True",3.1,"HIF1ALPHA"
"AML2R","ARV-825","True",24.4,"PROTAC-BET"
"AML2R","Ripasudil","True",0.1,"ROCK"
"AML2R","Galiellalactone","True",9.2,"STAT3-DNA"
"AML2R","XAV-939","True",2.9,"TANKYRASE-1,TANKYRASE-2"
"AML2R","Methylprednisolone","True",3.3,"GLUCOCORTICOID,IMMUNOMODULATORY"
"AML2R","VGX-1027","True",0,"IMMUNOMODULATORY"
"AML2R","Acitretin","True",2.4,"RETINOID"
"AML2R","AMG319","True",1.3,"PI3KDELTA"
"AML2R","ABC294640","True",7.8,"SK2"
"AML2R","DEL-22379","True",8.3,"ERK DIMERIZATION"
"AML2R","JQ1","True",14,"BET"
"AML2R","MST-312","True",9,"TELOMERASE"
"AML2R","ML323","True",2.4,"USP1-UAF1"
"AML2R","Necrostatin 2","True",0,"NECROPTOSIS"
"AML2R","PF-04708671","True",1.8,"P70S6K"
"AML2R","VER 155008","True",0.8,"HSP70"
"AML2R","LY3009120","True",9.5,"PAN-RAF"
"AML2R","Pirfenidone","True",0,"IMMUNOMODULATORY"
"AML2R","BRD7116","True",0,"LSC"
"AML2R","Aminoglutethimide","True",0,"STEROID,AROMATASE,CYP19A1,CYP11A1,TFF3"
"AML2R","Temsirolimus","True",3.1,"MTORC1"
"AML2R","Thalidomide","True",0,"IMMUNOMODULATORY"
"AML2R","TGX-221","True",0,"PI3KBETA"
"AML2R","PAC-1","True",6.1,"PROCASPASE-3"
"AML2R","Amcasertib","True",1.5,"CSC"
"AML2R","JPH203","True",0,"LAT1"
"AML2R","Asciminib","True",3.4,"ABL"
"AML2R","Tarenflurbil","True",0,"GSI"
"AML2R","Apatinib","True",0.6,"VEGFR,KDR"
"AML2R","VLX1570","True",23.3,"PROTEASOME DEUBIQUITINASE"
"AML2R","A-1331852","True",0,"BCL-XL,BCL2,MCL1"
"AML2R","Anagrelide","True",0,"PDE3,PLA2,PDE3A,PDE3A, PDE3B"
"AML2R","Serabelisib","True",1.5,"PI3KALPHA"
"AML2R","BAY-1436032","True",0,"IDH1 R132H,IDH1 R132C"
"AML2R","Arsenic(III) oxide","True",1.8,"TRXR"
"AML2R","AZD-8186","True",0,"PI3KBETA"
"AML2R","Erdafitinib","True",0.6,"FGFR"
"AML2R","BGB-283","True",1.5,"RAF"
"AML2R","Icotinib","True",0,"EGFR,EGFR"
"AML2R","TAK-530","True",0,"PAN-RAF"
